set_name,question,optionA,optionB,optionC,optionD,correctOption,explanation
"Bộ 1: Đố Vui Trí Tuệ","Thành phố nào là thủ đô của nước Việt Nam?","TP. Hồ Chí Minh","Hà Nội","Đà Nẵng","Cần Thơ","B","Hà Nội là thủ đô ngàn năm văn hiến!"
"Bộ 1: Đố Vui Trí Tuệ","Hành tinh nào nằm gần Mặt Trời nhất trong Hệ Mặt Trời?","Trái Đất","Sao Hỏa","Sao Thủy","Sao Kim","C","Sao Thủy là hành tinh nhỏ nhất!"
"Bộ 1: Đố Vui Trí Tuệ","Quốc gia nào có diện tích lãnh thổ lớn nhất thế giới?","Nước Nga","Nước Mỹ","Trung Quốc","Canada","A","Nước Nga có diện tích hơn 17 triệu km²!"
"Bộ 1: Đố Vui Trí Tuệ","Động vật nào là loài có kích thước lớn nhất hành tinh hiện nay?","Voi Châu Phi","Cá voi xanh","Hươu cao cổ","Cá mập trắng","B","Cá voi xanh nặng tới 180 tấn!"
"Bộ 1: Đố Vui Trí Tuệ","Một năm nhuận theo Dương lịch có bao nhiêu ngày?","365 ngày","366 ngày","364 ngày","367 ngày","B","Năm nhuận tháng 2 có 29 ngày!"
"Bộ 2: Khoa Học & Thiên Nhiên","Khí nào chiếm tỉ lệ lớn nhất trong không khí Trái Đất?","Khí Ôxi","Khí Nitơ","Khí Cacbonic","Khí Hiđrô","B","Khí Nitơ chiếm khoảng 78% không khí!"
"Bộ 2: Khoa Học & Thiên Nhiên","Bộ phận nào trên cơ thể người bơm máu đi khắp cơ thể?","Phổi","Gan","Tim","Thận","C","Trái tim co bóp đẩy máu nuôi cơ thể!"
"Bộ 2: Khoa Học & Thiên Nhiên","Chất nào là kim loại duy nhất ở dạng lỏng ở nhiệt độ phòng?","Thủy ngân","Sắt","Vàng","Đồng","A","Thủy ngân thể lỏng ở nhiệt độ thường!"
"Bộ 2: Khoa Học & Thiên Nhiên","Tốc độ ánh sáng trong chân không khoảng bao nhiêu?","300.000 km/s","150.000 km/s","1.000 km/s","3.000 km/s","A","Ánh sáng đi xấp xỉ 300.000 km/s!"
"Bộ 2: Khoa Học & Thiên Nhiên","Loài chim nào duy nhất trên thế giới có khả năng bay lùi?","Chim Én","Chim Hút Mật","Chim Bồ Câu","Chim Đại Bàng","B","Chim Hút Mật có thể bay lùi!"
"Bộ 3: Địa Lý & Văn Hoá Việt Nam","Ngọn núi nào được mệnh danh là Nóc nhà Đông Dương?","Núi Fansipan","Núi Ba Vì","Núi Yên Tử","Núi Langbiang","A","Fansipan cao 3.143m tại Lào Cai!"
"Bộ 3: Địa Lý & Văn Hoá Việt Nam","Tác phẩm kiệt tác Truyện Kiều là của danh nhân văn hoá nào?","Nguyễn Trãi","Nguyễn Du","Hồ Xuân Hương","Đoàn Thị Điểm","B","Nguyễn Du sáng tác Truyện Kiều!"
"Bộ 3: Địa Lý & Văn Hoá Việt Nam","Con sông nào dài nhất chảy hoàn toàn trên lãnh thổ Việt Nam?","Sông Hồng","Sông Đồng Nai","Sông Mê Kông","Sông Mã","B","Sông Đồng Nai dài 586 km nội địa!"
"Bộ 3: Địa Lý & Văn Hoá Việt Nam","Vịnh Hạ Long vinh dự thuộc tỉnh nào của Việt Nam?","Hải Phòng","Quảng Ninh","Thừa Thiên Huế","Ninh Bình","B","Vịnh Hạ Long thuộc Quảng Ninh!"
"Bộ 3: Địa Lý & Văn Hoá Việt Nam","Món ăn nào của Việt Nam được Oxford đưa vào từ điển toàn cầu?","Bún chả","Bánh xèo","Phở & Bánh mì","Gỏi cuốn","C","Pho và Banh mi giữ nguyên danh xưng!"
"Bộ 4: Trắc Nghiệm Tiếng Anh Thông Dụng","Which planet is known as the Red Planet?","Earth","Mars","Jupiter","Venus","B","Mars appears red due to iron oxide!"
"Bộ 4: Trắc Nghiệm Tiếng Anh Thông Dụng","What is the opposite of the word BUY?","Pay","Cost","Sell","Borrow","C","The opposite of buy is sell."
"Bộ 4: Trắc Nghiệm Tiếng Anh Thông Dụng","How many letters are there in the English alphabet?","24 letters","25 letters","26 letters","28 letters","C","Alphabet consists of 26 letters."
"Bộ 4: Trắc Nghiệm Tiếng Anh Thông Dụng","She _____ to school by bus every morning.","go","goes","going","went","B","She goes to school by bus."
"Bộ 4: Trắc Nghiệm Tiếng Anh Thông Dụng","Which ocean is the largest on Earth?","Atlantic Ocean","Pacific Ocean","Indian Ocean","Arctic Ocean","B","Pacific Ocean covers over 30%!"
