set_name,question,optionA,optionB,optionC,optionD,correctOption,explanation,image
"Bộ 1: Đoán Từ Vựng Tiếng Anh - Động Vật (Animals)","What is the name of this animal in English?","Elephant","Rhinoceros","Hippopotamus","Giraffe","A","Elephant /ˈel.ɪ.fənt/ (n): Con voi - Loài động vật trên cạn lớn nhất!","https://images.unsplash.com/photo-1557050543-4d5f4e07ef46?w=400"
"Bộ 1: Đoán Từ Vựng Tiếng Anh - Động Vật (Animals)","Which word matches the image below?","Tiger","Lion","Leopard","Cheetah","B","Lion /ˈlaɪ.ən/ (n): Sư tử - Chúa tể rừng xanh!","https://images.unsplash.com/photo-1614027164847-1b28cfe1df60?w=400"
"Bộ 1: Đoán Từ Vựng Tiếng Anh - Động Vật (Animals)","What animal is shown in the picture?","Shark","Whale","Dolphin","Seal","C","Dolphin /ˈdɒl.fɪn/ (n): Cá heo - Loài động vật biển rất thông minh!","https://images.unsplash.com/photo-1570481662006-a3a1374699e8?w=400"
"Bộ 1: Đoán Từ Vựng Tiếng Anh - Động Vật (Animals)","Identify this bird in English:","Hawk","Falcon","Eagle","Owl","C","Eagle /ˈiː.ɡəl/ (n): Chim đại bàng - Biểu tượng của sức mạnh!","https://images.unsplash.com/photo-1611689342806-0863700ce1e4?w=400"
"Bộ 1: Đoán Từ Vựng Tiếng Anh - Động Vật (Animals)","What is this flightless bird called?","Penguin","Puffin","Seagull","Duck","A","Penguin /ˈpeŋ.ɡwɪn/ (n): Chim cánh cụt - Sống ở vùng Nam Cực!","https://images.unsplash.com/photo-1598439210625-5067c578f3f6?w=400"
"Bộ 2: Đoán Từ Vựng Tiếng Anh - Hoa Quả & Thực Phẩm (Fruits & Food)","What fruit is displayed in the picture?","Peach","Apple","Pear","Plum","B","Apple /ˈæp.əl/ (n): Quả táo - An apple a day keeps the doctor away!","https://images.unsplash.com/photo-1560806887-1e4cd0b6cbd6?w=400"
"Bộ 2: Đoán Từ Vựng Tiếng Anh - Hoa Quả & Thực Phẩm (Fruits & Food)","Which tropical fruit is shown below?","Banana","Mango","Papaya","Pineapple","A","Banana /bəˈnɑː.nə/ (n): Quả chuối - Giàu kali và năng lượng!","https://images.unsplash.com/photo-1571771894821-ce9b6c11b08e?w=400"
"Bộ 2: Đoán Từ Vựng Tiếng Anh - Hoa Quả & Thực Phẩm (Fruits & Food)","What berry is shown in the image?","Cherry","Blueberry","Strawberry","Raspberry","C","Strawberry /ˈstrɔː.bər.i/ (n): Quả dâu tây!","https://images.unsplash.com/photo-1464965911861-746a04b4bca6?w=400"
"Bộ 2: Đoán Từ Vựng Tiếng Anh - Hoa Quả & Thực Phẩm (Fruits & Food)","Name this popular Italian dish in English:","Pasta","Pizza","Lasagna","Sandwich","B","Pizza /ˈpiːts.ə/ (n): Bánh Pizza!","https://images.unsplash.com/photo-1513104890138-7c749659a591?w=400"
"Bộ 2: Đoán Từ Vựng Tiếng Anh - Hoa Quả & Thực Phẩm (Fruits & Food)","What fast food item is this?","Hotdog","Taco","Burger","Burrito","C","Burger /ˈbɜː.ɡər/ (n): Bánh kẹp Hamburger!","https://images.unsplash.com/photo-1568901346375-23c9450c58cd?w=400"
"Bộ 3: Đoán Từ Vựng Tiếng Anh - Đồ Vật Hàng Ngày (Everyday Objects)","What device is shown in the picture?","Watch","Clock","Compass","Timer","B","Clock /klɒk/ (n): Đồng hồ treo tường!","https://images.unsplash.com/photo-1563861826100-9cb868fdbe1c?w=400"
"Bộ 3: Đoán Từ Vựng Tiếng Anh - Đồ Vật Hàng Ngày (Everyday Objects)","Which object is used for taking photos?","Telescope","Microscope","Camera","Projector","C","Camera /ˈkæm.rə/ (n): Máy ảnh / Máy chụp hình!","https://images.unsplash.com/photo-1516035069371-29a1b244cc32?w=400"
"Bộ 3: Đoán Từ Vựng Tiếng Anh - Đồ Vật Hàng Ngày (Everyday Objects)","What electronic device is this?","Tablet","Monitor","Laptop","Keyboard","C","Laptop /ˈlæp.tɒp/ (n): Máy tính xách tay!","https://images.unsplash.com/photo-1496181133206-80ce9b88a853?w=400"
"Bộ 3: Đoán Từ Vựng Tiếng Anh - Đồ Vật Hàng Ngày (Everyday Objects)","What accessory is used for listening to music?","Speaker","Microphone","Headphones","Earbuds","C","Headphones /ˈhed.fəʊnz/ (n): Tai nghe trùm đầu!","https://images.unsplash.com/photo-1505740420928-5e560c06d30e?w=400"
"Bộ 3: Đoán Từ Vựng Tiếng Anh - Đồ Vật Hàng Ngày (Everyday Objects)","What object is used for reading?","Notebook","Magazine","Book","Newspaper","C","Book /bʊk/ (n): Sách - Kho tàng tri thức!","https://images.unsplash.com/photo-1544716278-ca5e3f4abd8c?w=400"
"Bộ 4: Đoán Từ Vựng Tiếng Anh - Phương Tiện Giao Thông (Vehicles)","What two-wheeled vehicle is this?","Scooter","Bicycle","Motorcycle","Skateboard","B","Bicycle /ˈbaɪ.sɪ.kəl/ (n): Xe đạp!","https://images.unsplash.com/photo-1485965120184-e220f721d03e?w=400"
"Bộ 4: Đoán Từ Vựng Tiếng Anh - Phương Tiện Giao Thông (Vehicles)","What mode of air transport is shown?","Rocket","Helicopter","Airplane","Jet","C","Airplane /ˈeə.pleɪn/ (n): Máy bay!","https://images.unsplash.com/photo-1436491865332-7a61a109cc05?w=400"
"Bộ 4: Đoán Từ Vựng Tiếng Anh - Phương Tiện Giao Thông (Vehicles)","What aircraft with rotating blades is this?","Glider","Drone","Helicopter","Blimp","C","Helicopter /ˈhel.ɪˌkɒp.tər/ (n): Máy bay trực thăng!","https://images.unsplash.com/photo-1508614589041-895b88991e3e?w=400"
"Bộ 4: Đoán Từ Vựng Tiếng Anh - Phương Tiện Giao Thông (Vehicles)","What motorized two-wheeler is shown below?","Bicycle","Motorcycle","Moped","ATV","B","Motorcycle /ˈməʊ.təˌsaɪ.kəl/ (n): Xe máy / Mô tô!","https://images.unsplash.com/photo-1558981403-c5f9899a28bc?w=400"
"Bộ 4: Đoán Từ Vựng Tiếng Anh - Phương Tiện Giao Thông (Vehicles)","What rail vehicle is depicted in the photo?","Tram","Subway","Train","Monorail","C","Train /treɪn/ (n): Tàu hỏa / Xe lửa!","https://images.unsplash.com/photo-1474487548417-781cb71495f3?w=400"
